NAME2_,Mean temp,rainfall,pH,crop_name,Rainfall_Min_mm,Rainfall_Max_mm,pH_Min,pH_Max,Soil_Type,suitable
BARINGO,20.662051282051284,3.041153846153846,0.507051282051282,Maize,600.0,1200.0,5.5,7.0,Loamy,0
BARINGO,20.662051282051284,3.041153846153846,0.507051282051282,Beans,500.0,1000.0,6.0,6.8,Sandy-Loam,0
BARINGO,20.662051282051284,3.041153846153846,0.507051282051282,Millet,300.0,800.0,5.0,6.5,Sandy,0
BARINGO,20.662051282051284,3.041153846153846,0.507051282051282,Sorghum,400.0,800.0,5.5,8.0,Sandy-Loam,0
BARINGO,20.662051282051284,3.041153846153846,0.507051282051282,Rice,1200.0,2000.0,5.0,6.5,Clayey,1
BARINGO,20.662051282051284,3.041153846153846,0.507051282051282,Cassava,500.0,1000.0,5.5,7.5,Sandy-Loam,0
BARINGO,20.662051282051284,3.041153846153846,0.507051282051282,Sweet Potato,750.0,1250.0,5.5,6.5,Loamy,0
BARINGO,20.662051282051284,3.041153846153846,0.507051282051282,Groundnuts,500.0,1000.0,5.3,6.5,Sandy,0
BARINGO,20.662051282051284,3.041153846153846,0.507051282051282,Green grams,350.0,600.0,6.0,7.5,Sandy-Loam,0
BARINGO,20.662051282051284,3.041153846153846,0.507051282051282,Wheat,500.0,900.0,6.0,7.0,Loam-Clay,0
BARINGO,20.662051282051284,3.041153846153846,0.507051282051282,Sugarcane,1500.0,2500.0,5.0,6.5,Loam-Clay,0
BARINGO,20.662051282051284,3.041153846153846,0.507051282051282,Tea,1200.0,1400.0,4.5,5.5,Well-drained Loamy,0
BARINGO,20.662051282051284,3.041153846153846,0.507051282051282,Coffee,1000.0,2000.0,5.0,6.0,Volcanic Loam,0
BARINGO,20.662051282051284,3.041153846153846,0.507051282051282,Banana,1000.0,2500.0,5.5,7.0,Loam,0
BARINGO,20.662051282051284,3.041153846153846,0.507051282051282,Tomato,600.0,800.0,6.0,6.8,Loamy,0
BARINGO,20.662051282051284,3.041153846153846,0.507051282051282,Onion,500.0,700.0,6.0,6.8,Sandy-Loam,1
BARINGO,20.662051282051284,3.041153846153846,0.507051282051282,Cabbage,600.0,1200.0,6.0,6.5,Loam,0
BARINGO,20.662051282051284,3.041153846153846,0.507051282051282,Spinach,700.0,1000.0,6.0,7.0,Loam,0
BUSIA,22.080384615384617,4.957307692307692,0.5842307692307692,Maize,600.0,1200.0,5.5,7.0,Loamy,0
BUSIA,22.080384615384617,4.957307692307692,0.5842307692307692,Beans,500.0,1000.0,6.0,6.8,Sandy-Loam,1
BUSIA,22.080384615384617,4.957307692307692,0.5842307692307692,Millet,300.0,800.0,5.0,6.5,Sandy,0
BUSIA,22.080384615384617,4.957307692307692,0.5842307692307692,Sorghum,400.0,800.0,5.5,8.0,Sandy-Loam,0
BUSIA,22.080384615384617,4.957307692307692,0.5842307692307692,Rice,1200.0,2000.0,5.0,6.5,Clayey,0
BUSIA,22.080384615384617,4.957307692307692,0.5842307692307692,Cassava,500.0,1000.0,5.5,7.5,Sandy-Loam,0
BUSIA,22.080384615384617,4.957307692307692,0.5842307692307692,Sweet Potato,750.0,1250.0,5.5,6.5,Loamy,0
BUSIA,22.080384615384617,4.957307692307692,0.5842307692307692,Groundnuts,500.0,1000.0,5.3,6.5,Sandy,0
BUSIA,22.080384615384617,4.957307692307692,0.5842307692307692,Green grams,350.0,600.0,6.0,7.5,Sandy-Loam,0
BUSIA,22.080384615384617,4.957307692307692,0.5842307692307692,Wheat,500.0,900.0,6.0,7.0,Loam-Clay,0
BUSIA,22.080384615384617,4.957307692307692,0.5842307692307692,Sugarcane,1500.0,2500.0,5.0,6.5,Loam-Clay,0
BUSIA,22.080384615384617,4.957307692307692,0.5842307692307692,Tea,1200.0,1400.0,4.5,5.5,Well-drained Loamy,0
BUSIA,22.080384615384617,4.957307692307692,0.5842307692307692,Coffee,1000.0,2000.0,5.0,6.0,Volcanic Loam,0
BUSIA,22.080384615384617,4.957307692307692,0.5842307692307692,Banana,1000.0,2500.0,5.5,7.0,Loam,0
BUSIA,22.080384615384617,4.957307692307692,0.5842307692307692,Tomato,600.0,800.0,6.0,6.8,Loamy,0
BUSIA,22.080384615384617,4.957307692307692,0.5842307692307692,Onion,500.0,700.0,6.0,6.8,Sandy-Loam,0
BUSIA,22.080384615384617,4.957307692307692,0.5842307692307692,Cabbage,600.0,1200.0,6.0,6.5,Loam,0
BUSIA,22.080384615384617,4.957307692307692,0.5842307692307692,Spinach,700.0,1000.0,6.0,7.0,Loam,0
E. MARAKWET,19.9625,3.1065384615384612,0.49192307692307696,Maize,600.0,1200.0,5.5,7.0,Loamy,0
E. MARAKWET,19.9625,3.1065384615384612,0.49192307692307696,Beans,500.0,1000.0,6.0,6.8,Sandy-Loam,0
E. MARAKWET,19.9625,3.1065384615384612,0.49192307692307696,Millet,300.0,800.0,5.0,6.5,Sandy,0
E. MARAKWET,19.9625,3.1065384615384612,0.49192307692307696,Sorghum,400.0,800.0,5.5,8.0,Sandy-Loam,0
E. MARAKWET,19.9625,3.1065384615384612,0.49192307692307696,Rice,1200.0,2000.0,5.0,6.5,Clayey,0
E. MARAKWET,19.9625,3.1065384615384612,0.49192307692307696,Cassava,500.0,1000.0,5.5,7.5,Sandy-Loam,0
E. MARAKWET,19.9625,3.1065384615384612,0.49192307692307696,Sweet Potato,750.0,1250.0,5.5,6.5,Loamy,0
E. MARAKWET,19.9625,3.1065384615384612,0.49192307692307696,Groundnuts,500.0,1000.0,5.3,6.5,Sandy,0
E. MARAKWET,19.9625,3.1065384615384612,0.49192307692307696,Green grams,350.0,600.0,6.0,7.5,Sandy-Loam,0
E. MARAKWET,19.9625,3.1065384615384612,0.49192307692307696,Wheat,500.0,900.0,6.0,7.0,Loam-Clay,0
E. MARAKWET,19.9625,3.1065384615384612,0.49192307692307696,Sugarcane,1500.0,2500.0,5.0,6.5,Loam-Clay,0
E. MARAKWET,19.9625,3.1065384615384612,0.49192307692307696,Tea,1200.0,1400.0,4.5,5.5,Well-drained Loamy,0
E. MARAKWET,19.9625,3.1065384615384612,0.49192307692307696,Coffee,1000.0,2000.0,5.0,6.0,Volcanic Loam,0
E. MARAKWET,19.9625,3.1065384615384612,0.49192307692307696,Banana,1000.0,2500.0,5.5,7.0,Loam,0
E. MARAKWET,19.9625,3.1065384615384612,0.49192307692307696,Tomato,600.0,800.0,6.0,6.8,Loamy,0
E. MARAKWET,19.9625,3.1065384615384612,0.49192307692307696,Onion,500.0,700.0,6.0,6.8,Sandy-Loam,0
E. MARAKWET,19.9625,3.1065384615384612,0.49192307692307696,Cabbage,600.0,1200.0,6.0,6.5,Loam,0
E. MARAKWET,19.9625,3.1065384615384612,0.49192307692307696,Spinach,700.0,1000.0,6.0,7.0,Loam,0
EMBU,20.451153846153847,2.7526923076923078,0.5326923076923077,Maize,600.0,1200.0,5.5,7.0,Loamy,0
EMBU,20.451153846153847,2.7526923076923078,0.5326923076923077,Beans,500.0,1000.0,6.0,6.8,Sandy-Loam,0
EMBU,20.451153846153847,2.7526923076923078,0.5326923076923077,Millet,300.0,800.0,5.0,6.5,Sandy,0
EMBU,20.451153846153847,2.7526923076923078,0.5326923076923077,Sorghum,400.0,800.0,5.5,8.0,Sandy-Loam,0
EMBU,20.451153846153847,2.7526923076923078,0.5326923076923077,Rice,1200.0,2000.0,5.0,6.5,Clayey,1
EMBU,20.451153846153847,2.7526923076923078,0.5326923076923077,Cassava,500.0,1000.0,5.5,7.5,Sandy-Loam,0
EMBU,20.451153846153847,2.7526923076923078,0.5326923076923077,Sweet Potato,750.0,1250.0,5.5,6.5,Loamy,0
EMBU,20.451153846153847,2.7526923076923078,0.5326923076923077,Groundnuts,500.0,1000.0,5.3,6.5,Sandy,0
EMBU,20.451153846153847,2.7526923076923078,0.5326923076923077,Green grams,350.0,600.0,6.0,7.5,Sandy-Loam,0
EMBU,20.451153846153847,2.7526923076923078,0.5326923076923077,Wheat,500.0,900.0,6.0,7.0,Loam-Clay,0
EMBU,20.451153846153847,2.7526923076923078,0.5326923076923077,Sugarcane,1500.0,2500.0,5.0,6.5,Loam-Clay,0
EMBU,20.451153846153847,2.7526923076923078,0.5326923076923077,Tea,1200.0,1400.0,4.5,5.5,Well-drained Loamy,0
EMBU,20.451153846153847,2.7526923076923078,0.5326923076923077,Coffee,1000.0,2000.0,5.0,6.0,Volcanic Loam,0
EMBU,20.451153846153847,2.7526923076923078,0.5326923076923077,Banana,1000.0,2500.0,5.5,7.0,Loam,0
EMBU,20.451153846153847,2.7526923076923078,0.5326923076923077,Tomato,600.0,800.0,6.0,6.8,Loamy,0
EMBU,20.451153846153847,2.7526923076923078,0.5326923076923077,Onion,500.0,700.0,6.0,6.8,Sandy-Loam,0
EMBU,20.451153846153847,2.7526923076923078,0.5326923076923077,Cabbage,600.0,1200.0,6.0,6.5,Loam,0
EMBU,20.451153846153847,2.7526923076923078,0.5326923076923077,Spinach,700.0,1000.0,6.0,7.0,Loam,0
GARISSA,28.05448717948718,1.6604807692307695,0.4470833333333334,Maize,600.0,1200.0,5.5,7.0,Loamy,0
GARISSA,28.05448717948718,1.6604807692307695,0.4470833333333334,Beans,500.0,1000.0,6.0,6.8,Sandy-Loam,0
GARISSA,28.05448717948718,1.6604807692307695,0.4470833333333334,Millet,300.0,800.0,5.0,6.5,Sandy,0
GARISSA,28.05448717948718,1.6604807692307695,0.4470833333333334,Sorghum,400.0,800.0,5.5,8.0,Sandy-Loam,0
GARISSA,28.05448717948718,1.6604807692307695,0.4470833333333334,Rice,1200.0,2000.0,5.0,6.5,Clayey,0
GARISSA,28.05448717948718,1.6604807692307695,0.4470833333333334,Cassava,500.0,1000.0,5.5,7.5,Sandy-Loam,0
GARISSA,28.05448717948718,1.6604807692307695,0.4470833333333334,Sweet Potato,750.0,1250.0,5.5,6.5,Loamy,0
GARISSA,28.05448717948718,1.6604807692307695,0.4470833333333334,Groundnuts,500.0,1000.0,5.3,6.5,Sandy,0
GARISSA,28.05448717948718,1.6604807692307695,0.4470833333333334,Green grams,350.0,600.0,6.0,7.5,Sandy-Loam,0
GARISSA,28.05448717948718,1.6604807692307695,0.4470833333333334,Wheat,500.0,900.0,6.0,7.0,Loam-Clay,0
GARISSA,28.05448717948718,1.6604807692307695,0.4470833333333334,Sugarcane,1500.0,2500.0,5.0,6.5,Loam-Clay,0
GARISSA,28.05448717948718,1.6604807692307695,0.4470833333333334,Tea,1200.0,1400.0,4.5,5.5,Well-drained Loamy,1
GARISSA,28.05448717948718,1.6604807692307695,0.4470833333333334,Coffee,1000.0,2000.0,5.0,6.0,Volcanic Loam,0
GARISSA,28.05448717948718,1.6604807692307695,0.4470833333333334,Banana,1000.0,2500.0,5.5,7.0,Loam,0
GARISSA,28.05448717948718,1.6604807692307695,0.4470833333333334,Tomato,600.0,800.0,6.0,6.8,Loamy,0
GARISSA,28.05448717948718,1.6604807692307695,0.4470833333333334,Onion,500.0,700.0,6.0,6.8,Sandy-Loam,0
GARISSA,28.05448717948718,1.6604807692307695,0.4470833333333334,Cabbage,600.0,1200.0,6.0,6.5,Loam,0
GARISSA,28.05448717948718,1.6604807692307695,0.4470833333333334,Spinach,700.0,1000.0,6.0,7.0,Loam,0
HOMA_BAY,23.87,4.816923076923077,0.6834615384615385,Maize,600.0,1200.0,5.5,7.0,Loamy,0
HOMA_BAY,23.87,4.816923076923077,0.6834615384615385,Beans,500.0,1000.0,6.0,6.8,Sandy-Loam,0
HOMA_BAY,23.87,4.816923076923077,0.6834615384615385,Millet,300.0,800.0,5.0,6.5,Sandy,0
HOMA_BAY,23.87,4.816923076923077,0.6834615384615385,Sorghum,400.0,800.0,5.5,8.0,Sandy-Loam,0
HOMA_BAY,23.87,4.816923076923077,0.6834615384615385,Rice,1200.0,2000.0,5.0,6.5,Clayey,0
HOMA_BAY,23.87,4.816923076923077,0.6834615384615385,Cassava,500.0,1000.0,5.5,7.5,Sandy-Loam,0
HOMA_BAY,23.87,4.816923076923077,0.6834615384615385,Sweet Potato,750.0,1250.0,5.5,6.5,Loamy,0
HOMA_BAY,23.87,4.816923076923077,0.6834615384615385,Groundnuts,500.0,1000.0,5.3,6.5,Sandy,0
HOMA_BAY,23.87,4.816923076923077,0.6834615384615385,Green grams,350.0,600.0,6.0,7.5,Sandy-Loam,0
HOMA_BAY,23.87,4.816923076923077,0.6834615384615385,Wheat,500.0,900.0,6.0,7.0,Loam-Clay,0
HOMA_BAY,23.87,4.816923076923077,0.6834615384615385,Sugarcane,1500.0,2500.0,5.0,6.5,Loam-Clay,0
HOMA_BAY,23.87,4.816923076923077,0.6834615384615385,Tea,1200.0,1400.0,4.5,5.5,Well-drained Loamy,0
HOMA_BAY,23.87,4.816923076923077,0.6834615384615385,Coffee,1000.0,2000.0,5.0,6.0,Volcanic Loam,0
HOMA_BAY,23.87,4.816923076923077,0.6834615384615385,Banana,1000.0,2500.0,5.5,7.0,Loam,0
HOMA_BAY,23.87,4.816923076923077,0.6834615384615385,Tomato,600.0,800.0,6.0,6.8,Loamy,0
HOMA_BAY,23.87,4.816923076923077,0.6834615384615385,Onion,500.0,700.0,6.0,6.8,Sandy-Loam,1
HOMA_BAY,23.87,4.816923076923077,0.6834615384615385,Cabbage,600.0,1200.0,6.0,6.5,Loam,1
HOMA_BAY,23.87,4.816923076923077,0.6834615384615385,Spinach,700.0,1000.0,6.0,7.0,Loam,0
ISIOLO,27.061346153846152,1.3062179487179488,0.3923076923076923,Maize,600.0,1200.0,5.5,7.0,Loamy,0
ISIOLO,27.061346153846152,1.3062179487179488,0.3923076923076923,Beans,500.0,1000.0,6.0,6.8,Sandy-Loam,1
ISIOLO,27.061346153846152,1.3062179487179488,0.3923076923076923,Millet,300.0,800.0,5.0,6.5,Sandy,0
ISIOLO,27.061346153846152,1.3062179487179488,0.3923076923076923,Sorghum,400.0,800.0,5.5,8.0,Sandy-Loam,1
ISIOLO,27.061346153846152,1.3062179487179488,0.3923076923076923,Rice,1200.0,2000.0,5.0,6.5,Clayey,1
ISIOLO,27.061346153846152,1.3062179487179488,0.3923076923076923,Cassava,500.0,1000.0,5.5,7.5,Sandy-Loam,1
ISIOLO,27.061346153846152,1.3062179487179488,0.3923076923076923,Sweet Potato,750.0,1250.0,5.5,6.5,Loamy,0
ISIOLO,27.061346153846152,1.3062179487179488,0.3923076923076923,Groundnuts,500.0,1000.0,5.3,6.5,Sandy,0
ISIOLO,27.061346153846152,1.3062179487179488,0.3923076923076923,Green grams,350.0,600.0,6.0,7.5,Sandy-Loam,0
ISIOLO,27.061346153846152,1.3062179487179488,0.3923076923076923,Wheat,500.0,900.0,6.0,7.0,Loam-Clay,0
ISIOLO,27.061346153846152,1.3062179487179488,0.3923076923076923,Sugarcane,1500.0,2500.0,5.0,6.5,Loam-Clay,0
ISIOLO,27.061346153846152,1.3062179487179488,0.3923076923076923,Tea,1200.0,1400.0,4.5,5.5,Well-drained Loamy,0
ISIOLO,27.061346153846152,1.3062179487179488,0.3923076923076923,Coffee,1000.0,2000.0,5.0,6.0,Volcanic Loam,0
ISIOLO,27.061346153846152,1.3062179487179488,0.3923076923076923,Banana,1000.0,2500.0,5.5,7.0,Loam,0
ISIOLO,27.061346153846152,1.3062179487179488,0.3923076923076923,Tomato,600.0,800.0,6.0,6.8,Loamy,0
ISIOLO,27.061346153846152,1.3062179487179488,0.3923076923076923,Onion,500.0,700.0,6.0,6.8,Sandy-Loam,0
ISIOLO,27.061346153846152,1.3062179487179488,0.3923076923076923,Cabbage,600.0,1200.0,6.0,6.5,Loam,0
ISIOLO,27.061346153846152,1.3062179487179488,0.3923076923076923,Spinach,700.0,1000.0,6.0,7.0,Loam,1
KAJIADO,22.084423076923077,1.766153846153846,0.5505128205128205,Maize,600.0,1200.0,5.5,7.0,Loamy,0
KAJIADO,22.084423076923077,1.766153846153846,0.5505128205128205,Beans,500.0,1000.0,6.0,6.8,Sandy-Loam,0
KAJIADO,22.084423076923077,1.766153846153846,0.5505128205128205,Millet,300.0,800.0,5.0,6.5,Sandy,0
KAJIADO,22.084423076923077,1.766153846153846,0.5505128205128205,Sorghum,400.0,800.0,5.5,8.0,Sandy-Loam,0
KAJIADO,22.084423076923077,1.766153846153846,0.5505128205128205,Rice,1200.0,2000.0,5.0,6.5,Clayey,1
KAJIADO,22.084423076923077,1.766153846153846,0.5505128205128205,Cassava,500.0,1000.0,5.5,7.5,Sandy-Loam,0
KAJIADO,22.084423076923077,1.766153846153846,0.5505128205128205,Sweet Potato,750.0,1250.0,5.5,6.5,Loamy,0
KAJIADO,22.084423076923077,1.766153846153846,0.5505128205128205,Groundnuts,500.0,1000.0,5.3,6.5,Sandy,1
KAJIADO,22.084423076923077,1.766153846153846,0.5505128205128205,Green grams,350.0,600.0,6.0,7.5,Sandy-Loam,0
KAJIADO,22.084423076923077,1.766153846153846,0.5505128205128205,Wheat,500.0,900.0,6.0,7.0,Loam-Clay,0
KAJIADO,22.084423076923077,1.766153846153846,0.5505128205128205,Sugarcane,1500.0,2500.0,5.0,6.5,Loam-Clay,0
KAJIADO,22.084423076923077,1.766153846153846,0.5505128205128205,Tea,1200.0,1400.0,4.5,5.5,Well-drained Loamy,0
KAJIADO,22.084423076923077,1.766153846153846,0.5505128205128205,Coffee,1000.0,2000.0,5.0,6.0,Volcanic Loam,0
KAJIADO,22.084423076923077,1.766153846153846,0.5505128205128205,Banana,1000.0,2500.0,5.5,7.0,Loam,0
KAJIADO,22.084423076923077,1.766153846153846,0.5505128205128205,Tomato,600.0,800.0,6.0,6.8,Loamy,0
KAJIADO,22.084423076923077,1.766153846153846,0.5505128205128205,Onion,500.0,700.0,6.0,6.8,Sandy-Loam,0
KAJIADO,22.084423076923077,1.766153846153846,0.5505128205128205,Cabbage,600.0,1200.0,6.0,6.5,Loam,0
KAJIADO,22.084423076923077,1.766153846153846,0.5505128205128205,Spinach,700.0,1000.0,6.0,7.0,Loam,1
KIAMBU,18.897692307692306,2.0684615384615386,0.5126923076923077,Maize,600.0,1200.0,5.5,7.0,Loamy,0
KIAMBU,18.897692307692306,2.0684615384615386,0.5126923076923077,Beans,500.0,1000.0,6.0,6.8,Sandy-Loam,0
KIAMBU,18.897692307692306,2.0684615384615386,0.5126923076923077,Millet,300.0,800.0,5.0,6.5,Sandy,1
KIAMBU,18.897692307692306,2.0684615384615386,0.5126923076923077,Sorghum,400.0,800.0,5.5,8.0,Sandy-Loam,0
KIAMBU,18.897692307692306,2.0684615384615386,0.5126923076923077,Rice,1200.0,2000.0,5.0,6.5,Clayey,0
KIAMBU,18.897692307692306,2.0684615384615386,0.5126923076923077,Cassava,500.0,1000.0,5.5,7.5,Sandy-Loam,1
KIAMBU,18.897692307692306,2.0684615384615386,0.5126923076923077,Sweet Potato,750.0,1250.0,5.5,6.5,Loamy,1
KIAMBU,18.897692307692306,2.0684615384615386,0.5126923076923077,Groundnuts,500.0,1000.0,5.3,6.5,Sandy,0
KIAMBU,18.897692307692306,2.0684615384615386,0.5126923076923077,Green grams,350.0,600.0,6.0,7.5,Sandy-Loam,0
KIAMBU,18.897692307692306,2.0684615384615386,0.5126923076923077,Wheat,500.0,900.0,6.0,7.0,Loam-Clay,0
KIAMBU,18.897692307692306,2.0684615384615386,0.5126923076923077,Sugarcane,1500.0,2500.0,5.0,6.5,Loam-Clay,0
KIAMBU,18.897692307692306,2.0684615384615386,0.5126923076923077,Tea,1200.0,1400.0,4.5,5.5,Well-drained Loamy,0
KIAMBU,18.897692307692306,2.0684615384615386,0.5126923076923077,Coffee,1000.0,2000.0,5.0,6.0,Volcanic Loam,0
KIAMBU,18.897692307692306,2.0684615384615386,0.5126923076923077,Banana,1000.0,2500.0,5.5,7.0,Loam,0
KIAMBU,18.897692307692306,2.0684615384615386,0.5126923076923077,Tomato,600.0,800.0,6.0,6.8,Loamy,1
KIAMBU,18.897692307692306,2.0684615384615386,0.5126923076923077,Onion,500.0,700.0,6.0,6.8,Sandy-Loam,0
KIAMBU,18.897692307692306,2.0684615384615386,0.5126923076923077,Cabbage,600.0,1200.0,6.0,6.5,Loam,0
KIAMBU,18.897692307692306,2.0684615384615386,0.5126923076923077,Spinach,700.0,1000.0,6.0,7.0,Loam,0
KILIFI,26.66403846153846,2.4159615384615383,0.5328846153846154,Maize,600.0,1200.0,5.5,7.0,Loamy,0
KILIFI,26.66403846153846,2.4159615384615383,0.5328846153846154,Beans,500.0,1000.0,6.0,6.8,Sandy-Loam,0
KILIFI,26.66403846153846,2.4159615384615383,0.5328846153846154,Millet,300.0,800.0,5.0,6.5,Sandy,0
KILIFI,26.66403846153846,2.4159615384615383,0.5328846153846154,Sorghum,400.0,800.0,5.5,8.0,Sandy-Loam,0
KILIFI,26.66403846153846,2.4159615384615383,0.5328846153846154,Rice,1200.0,2000.0,5.0,6.5,Clayey,0
KILIFI,26.66403846153846,2.4159615384615383,0.5328846153846154,Cassava,500.0,1000.0,5.5,7.5,Sandy-Loam,0
KILIFI,26.66403846153846,2.4159615384615383,0.5328846153846154,Sweet Potato,750.0,1250.0,5.5,6.5,Loamy,0
KILIFI,26.66403846153846,2.4159615384615383,0.5328846153846154,Groundnuts,500.0,1000.0,5.3,6.5,Sandy,0
KILIFI,26.66403846153846,2.4159615384615383,0.5328846153846154,Green grams,350.0,600.0,6.0,7.5,Sandy-Loam,1
KILIFI,26.66403846153846,2.4159615384615383,0.5328846153846154,Wheat,500.0,900.0,6.0,7.0,Loam-Clay,0
KILIFI,26.66403846153846,2.4159615384615383,0.5328846153846154,Sugarcane,1500.0,2500.0,5.0,6.5,Loam-Clay,1
KILIFI,26.66403846153846,2.4159615384615383,0.5328846153846154,Tea,1200.0,1400.0,4.5,5.5,Well-drained Loamy,0
KILIFI,26.66403846153846,2.4159615384615383,0.5328846153846154,Coffee,1000.0,2000.0,5.0,6.0,Volcanic Loam,1
KILIFI,26.66403846153846,2.4159615384615383,0.5328846153846154,Banana,1000.0,2500.0,5.5,7.0,Loam,0
KILIFI,26.66403846153846,2.4159615384615383,0.5328846153846154,Tomato,600.0,800.0,6.0,6.8,Loamy,0
KILIFI,26.66403846153846,2.4159615384615383,0.5328846153846154,Onion,500.0,700.0,6.0,6.8,Sandy-Loam,0
KILIFI,26.66403846153846,2.4159615384615383,0.5328846153846154,Cabbage,600.0,1200.0,6.0,6.5,Loam,1
KILIFI,26.66403846153846,2.4159615384615383,0.5328846153846154,Spinach,700.0,1000.0,6.0,7.0,Loam,0
KITUI,25.348509615384614,1.4792788461538462,0.4850961538461539,Maize,600.0,1200.0,5.5,7.0,Loamy,0
KITUI,25.348509615384614,1.4792788461538462,0.4850961538461539,Beans,500.0,1000.0,6.0,6.8,Sandy-Loam,1
KITUI,25.348509615384614,1.4792788461538462,0.4850961538461539,Millet,300.0,800.0,5.0,6.5,Sandy,1
KITUI,25.348509615384614,1.4792788461538462,0.4850961538461539,Sorghum,400.0,800.0,5.5,8.0,Sandy-Loam,0
KITUI,25.348509615384614,1.4792788461538462,0.4850961538461539,Rice,1200.0,2000.0,5.0,6.5,Clayey,0
KITUI,25.348509615384614,1.4792788461538462,0.4850961538461539,Cassava,500.0,1000.0,5.5,7.5,Sandy-Loam,0
KITUI,25.348509615384614,1.4792788461538462,0.4850961538461539,Sweet Potato,750.0,1250.0,5.5,6.5,Loamy,0
KITUI,25.348509615384614,1.4792788461538462,0.4850961538461539,Groundnuts,500.0,1000.0,5.3,6.5,Sandy,0
KITUI,25.348509615384614,1.4792788461538462,0.4850961538461539,Green grams,350.0,600.0,6.0,7.5,Sandy-Loam,1
KITUI,25.348509615384614,1.4792788461538462,0.4850961538461539,Wheat,500.0,900.0,6.0,7.0,Loam-Clay,1
KITUI,25.348509615384614,1.4792788461538462,0.4850961538461539,Sugarcane,1500.0,2500.0,5.0,6.5,Loam-Clay,0
KITUI,25.348509615384614,1.4792788461538462,0.4850961538461539,Tea,1200.0,1400.0,4.5,5.5,Well-drained Loamy,0
KITUI,25.348509615384614,1.4792788461538462,0.4850961538461539,Coffee,1000.0,2000.0,5.0,6.0,Volcanic Loam,0
KITUI,25.348509615384614,1.4792788461538462,0.4850961538461539,Banana,1000.0,2500.0,5.5,7.0,Loam,0
KITUI,25.348509615384614,1.4792788461538462,0.4850961538461539,Tomato,600.0,800.0,6.0,6.8,Loamy,0
KITUI,25.348509615384614,1.4792788461538462,0.4850961538461539,Onion,500.0,700.0,6.0,6.8,Sandy-Loam,0
KITUI,25.348509615384614,1.4792788461538462,0.4850961538461539,Cabbage,600.0,1200.0,6.0,6.5,Loam,0
KITUI,25.348509615384614,1.4792788461538462,0.4850961538461539,Spinach,700.0,1000.0,6.0,7.0,Loam,0
KWALE,26.516538461538463,2.6061538461538465,0.4809615384615385,Maize,600.0,1200.0,5.5,7.0,Loamy,0
KWALE,26.516538461538463,2.6061538461538465,0.4809615384615385,Beans,500.0,1000.0,6.0,6.8,Sandy-Loam,0
KWALE,26.516538461538463,2.6061538461538465,0.4809615384615385,Millet,300.0,800.0,5.0,6.5,Sandy,0
KWALE,26.516538461538463,2.6061538461538465,0.4809615384615385,Sorghum,400.0,800.0,5.5,8.0,Sandy-Loam,0
KWALE,26.516538461538463,2.6061538461538465,0.4809615384615385,Rice,1200.0,2000.0,5.0,6.5,Clayey,1
KWALE,26.516538461538463,2.6061538461538465,0.4809615384615385,Cassava,500.0,1000.0,5.5,7.5,Sandy-Loam,0
KWALE,26.516538461538463,2.6061538461538465,0.4809615384615385,Sweet Potato,750.0,1250.0,5.5,6.5,Loamy,0
KWALE,26.516538461538463,2.6061538461538465,0.4809615384615385,Groundnuts,500.0,1000.0,5.3,6.5,Sandy,1
KWALE,26.516538461538463,2.6061538461538465,0.4809615384615385,Green grams,350.0,600.0,6.0,7.5,Sandy-Loam,0
KWALE,26.516538461538463,2.6061538461538465,0.4809615384615385,Wheat,500.0,900.0,6.0,7.0,Loam-Clay,0
KWALE,26.516538461538463,2.6061538461538465,0.4809615384615385,Sugarcane,1500.0,2500.0,5.0,6.5,Loam-Clay,0
KWALE,26.516538461538463,2.6061538461538465,0.4809615384615385,Tea,1200.0,1400.0,4.5,5.5,Well-drained Loamy,0
KWALE,26.516538461538463,2.6061538461538465,0.4809615384615385,Coffee,1000.0,2000.0,5.0,6.0,Volcanic Loam,1
KWALE,26.516538461538463,2.6061538461538465,0.4809615384615385,Banana,1000.0,2500.0,5.5,7.0,Loam,0
KWALE,26.516538461538463,2.6061538461538465,0.4809615384615385,Tomato,600.0,800.0,6.0,6.8,Loamy,0
KWALE,26.516538461538463,2.6061538461538465,0.4809615384615385,Onion,500.0,700.0,6.0,6.8,Sandy-Loam,0
KWALE,26.516538461538463,2.6061538461538465,0.4809615384615385,Cabbage,600.0,1200.0,6.0,6.5,Loam,0
KWALE,26.516538461538463,2.6061538461538465,0.4809615384615385,Spinach,700.0,1000.0,6.0,7.0,Loam,0
LAIKIPIA,19.090576923076924,2.6459615384615387,0.5148076923076923,Maize,600.0,1200.0,5.5,7.0,Loamy,0
LAIKIPIA,19.090576923076924,2.6459615384615387,0.5148076923076923,Beans,500.0,1000.0,6.0,6.8,Sandy-Loam,0
LAIKIPIA,19.090576923076924,2.6459615384615387,0.5148076923076923,Millet,300.0,800.0,5.0,6.5,Sandy,0
LAIKIPIA,19.090576923076924,2.6459615384615387,0.5148076923076923,Sorghum,400.0,800.0,5.5,8.0,Sandy-Loam,0
LAIKIPIA,19.090576923076924,2.6459615384615387,0.5148076923076923,Rice,1200.0,2000.0,5.0,6.5,Clayey,0
LAIKIPIA,19.090576923076924,2.6459615384615387,0.5148076923076923,Cassava,500.0,1000.0,5.5,7.5,Sandy-Loam,0
LAIKIPIA,19.090576923076924,2.6459615384615387,0.5148076923076923,Sweet Potato,750.0,1250.0,5.5,6.5,Loamy,0
LAIKIPIA,19.090576923076924,2.6459615384615387,0.5148076923076923,Groundnuts,500.0,1000.0,5.3,6.5,Sandy,0
LAIKIPIA,19.090576923076924,2.6459615384615387,0.5148076923076923,Green grams,350.0,600.0,6.0,7.5,Sandy-Loam,0
LAIKIPIA,19.090576923076924,2.6459615384615387,0.5148076923076923,Wheat,500.0,900.0,6.0,7.0,Loam-Clay,0
LAIKIPIA,19.090576923076924,2.6459615384615387,0.5148076923076923,Sugarcane,1500.0,2500.0,5.0,6.5,Loam-Clay,0
LAIKIPIA,19.090576923076924,2.6459615384615387,0.5148076923076923,Tea,1200.0,1400.0,4.5,5.5,Well-drained Loamy,0
LAIKIPIA,19.090576923076924,2.6459615384615387,0.5148076923076923,Coffee,1000.0,2000.0,5.0,6.0,Volcanic Loam,0
LAIKIPIA,19.090576923076924,2.6459615384615387,0.5148076923076923,Banana,1000.0,2500.0,5.5,7.0,Loam,0
LAIKIPIA,19.090576923076924,2.6459615384615387,0.5148076923076923,Tomato,600.0,800.0,6.0,6.8,Loamy,0
LAIKIPIA,19.090576923076924,2.6459615384615387,0.5148076923076923,Onion,500.0,700.0,6.0,6.8,Sandy-Loam,0
LAIKIPIA,19.090576923076924,2.6459615384615387,0.5148076923076923,Cabbage,600.0,1200.0,6.0,6.5,Loam,0
LAIKIPIA,19.090576923076924,2.6459615384615387,0.5148076923076923,Spinach,700.0,1000.0,6.0,7.0,Loam,0
LAMU,27.715384615384615,2.3653846153846154,0.5180769230769231,Maize,600.0,1200.0,5.5,7.0,Loamy,0
LAMU,27.715384615384615,2.3653846153846154,0.5180769230769231,Beans,500.0,1000.0,6.0,6.8,Sandy-Loam,0
LAMU,27.715384615384615,2.3653846153846154,0.5180769230769231,Millet,300.0,800.0,5.0,6.5,Sandy,1
LAMU,27.715384615384615,2.3653846153846154,0.5180769230769231,Sorghum,400.0,800.0,5.5,8.0,Sandy-Loam,0
LAMU,27.715384615384615,2.3653846153846154,0.5180769230769231,Rice,1200.0,2000.0,5.0,6.5,Clayey,0
LAMU,27.715384615384615,2.3653846153846154,0.5180769230769231,Cassava,500.0,1000.0,5.5,7.5,Sandy-Loam,1
LAMU,27.715384615384615,2.3653846153846154,0.5180769230769231,Sweet Potato,750.0,1250.0,5.5,6.5,Loamy,0
LAMU,27.715384615384615,2.3653846153846154,0.5180769230769231,Groundnuts,500.0,1000.0,5.3,6.5,Sandy,0
LAMU,27.715384615384615,2.3653846153846154,0.5180769230769231,Green grams,350.0,600.0,6.0,7.5,Sandy-Loam,0
LAMU,27.715384615384615,2.3653846153846154,0.5180769230769231,Wheat,500.0,900.0,6.0,7.0,Loam-Clay,0
LAMU,27.715384615384615,2.3653846153846154,0.5180769230769231,Sugarcane,1500.0,2500.0,5.0,6.5,Loam-Clay,0
LAMU,27.715384615384615,2.3653846153846154,0.5180769230769231,Tea,1200.0,1400.0,4.5,5.5,Well-drained Loamy,0
LAMU,27.715384615384615,2.3653846153846154,0.5180769230769231,Coffee,1000.0,2000.0,5.0,6.0,Volcanic Loam,0
LAMU,27.715384615384615,2.3653846153846154,0.5180769230769231,Banana,1000.0,2500.0,5.5,7.0,Loam,0
LAMU,27.715384615384615,2.3653846153846154,0.5180769230769231,Tomato,600.0,800.0,6.0,6.8,Loamy,0
LAMU,27.715384615384615,2.3653846153846154,0.5180769230769231,Onion,500.0,700.0,6.0,6.8,Sandy-Loam,0
LAMU,27.715384615384615,2.3653846153846154,0.5180769230769231,Cabbage,600.0,1200.0,6.0,6.5,Loam,0
LAMU,27.715384615384615,2.3653846153846154,0.5180769230769231,Spinach,700.0,1000.0,6.0,7.0,Loam,1
MACHAKOS,21.599615384615387,1.97,0.5069230769230769,Maize,600.0,1200.0,5.5,7.0,Loamy,0
MACHAKOS,21.599615384615387,1.97,0.5069230769230769,Beans,500.0,1000.0,6.0,6.8,Sandy-Loam,0
MACHAKOS,21.599615384615387,1.97,0.5069230769230769,Millet,300.0,800.0,5.0,6.5,Sandy,0
MACHAKOS,21.599615384615387,1.97,0.5069230769230769,Sorghum,400.0,800.0,5.5,8.0,Sandy-Loam,1
MACHAKOS,21.599615384615387,1.97,0.5069230769230769,Rice,1200.0,2000.0,5.0,6.5,Clayey,0
MACHAKOS,21.599615384615387,1.97,0.5069230769230769,Cassava,500.0,1000.0,5.5,7.5,Sandy-Loam,0
MACHAKOS,21.599615384615387,1.97,0.5069230769230769,Sweet Potato,750.0,1250.0,5.5,6.5,Loamy,0
MACHAKOS,21.599615384615387,1.97,0.5069230769230769,Groundnuts,500.0,1000.0,5.3,6.5,Sandy,1
MACHAKOS,21.599615384615387,1.97,0.5069230769230769,Green grams,350.0,600.0,6.0,7.5,Sandy-Loam,0
MACHAKOS,21.599615384615387,1.97,0.5069230769230769,Wheat,500.0,900.0,6.0,7.0,Loam-Clay,0
MACHAKOS,21.599615384615387,1.97,0.5069230769230769,Sugarcane,1500.0,2500.0,5.0,6.5,Loam-Clay,0
MACHAKOS,21.599615384615387,1.97,0.5069230769230769,Tea,1200.0,1400.0,4.5,5.5,Well-drained Loamy,0
MACHAKOS,21.599615384615387,1.97,0.5069230769230769,Coffee,1000.0,2000.0,5.0,6.0,Volcanic Loam,0
MACHAKOS,21.599615384615387,1.97,0.5069230769230769,Banana,1000.0,2500.0,5.5,7.0,Loam,0
MACHAKOS,21.599615384615387,1.97,0.5069230769230769,Tomato,600.0,800.0,6.0,6.8,Loamy,0
MACHAKOS,21.599615384615387,1.97,0.5069230769230769,Onion,500.0,700.0,6.0,6.8,Sandy-Loam,0
MACHAKOS,21.599615384615387,1.97,0.5069230769230769,Cabbage,600.0,1200.0,6.0,6.5,Loam,0
MACHAKOS,21.599615384615387,1.97,0.5069230769230769,Spinach,700.0,1000.0,6.0,7.0,Loam,0
MAKUENI,22.972884615384615,1.614423076923077,0.519423076923077,Maize,600.0,1200.0,5.5,7.0,Loamy,0
MAKUENI,22.972884615384615,1.614423076923077,0.519423076923077,Beans,500.0,1000.0,6.0,6.8,Sandy-Loam,0
MAKUENI,22.972884615384615,1.614423076923077,0.519423076923077,Millet,300.0,800.0,5.0,6.5,Sandy,0
MAKUENI,22.972884615384615,1.614423076923077,0.519423076923077,Sorghum,400.0,800.0,5.5,8.0,Sandy-Loam,0
MAKUENI,22.972884615384615,1.614423076923077,0.519423076923077,Rice,1200.0,2000.0,5.0,6.5,Clayey,0
MAKUENI,22.972884615384615,1.614423076923077,0.519423076923077,Cassava,500.0,1000.0,5.5,7.5,Sandy-Loam,0
MAKUENI,22.972884615384615,1.614423076923077,0.519423076923077,Sweet Potato,750.0,1250.0,5.5,6.5,Loamy,0
MAKUENI,22.972884615384615,1.614423076923077,0.519423076923077,Groundnuts,500.0,1000.0,5.3,6.5,Sandy,0
MAKUENI,22.972884615384615,1.614423076923077,0.519423076923077,Green grams,350.0,600.0,6.0,7.5,Sandy-Loam,0
MAKUENI,22.972884615384615,1.614423076923077,0.519423076923077,Wheat,500.0,900.0,6.0,7.0,Loam-Clay,0
MAKUENI,22.972884615384615,1.614423076923077,0.519423076923077,Sugarcane,1500.0,2500.0,5.0,6.5,Loam-Clay,0
MAKUENI,22.972884615384615,1.614423076923077,0.519423076923077,Tea,1200.0,1400.0,4.5,5.5,Well-drained Loamy,0
MAKUENI,22.972884615384615,1.614423076923077,0.519423076923077,Coffee,1000.0,2000.0,5.0,6.0,Volcanic Loam,0
MAKUENI,22.972884615384615,1.614423076923077,0.519423076923077,Banana,1000.0,2500.0,5.5,7.0,Loam,0
MAKUENI,22.972884615384615,1.614423076923077,0.519423076923077,Tomato,600.0,800.0,6.0,6.8,Loamy,1
MAKUENI,22.972884615384615,1.614423076923077,0.519423076923077,Onion,500.0,700.0,6.0,6.8,Sandy-Loam,0
MAKUENI,22.972884615384615,1.614423076923077,0.519423076923077,Cabbage,600.0,1200.0,6.0,6.5,Loam,0
MAKUENI,22.972884615384615,1.614423076923077,0.519423076923077,Spinach,700.0,1000.0,6.0,7.0,Loam,0
MANDERA,26.614294871794872,1.4324358974358975,0.46762820512820513,Maize,600.0,1200.0,5.5,7.0,Loamy,0
MANDERA,26.614294871794872,1.4324358974358975,0.46762820512820513,Beans,500.0,1000.0,6.0,6.8,Sandy-Loam,0
MANDERA,26.614294871794872,1.4324358974358975,0.46762820512820513,Millet,300.0,800.0,5.0,6.5,Sandy,0
MANDERA,26.614294871794872,1.4324358974358975,0.46762820512820513,Sorghum,400.0,800.0,5.5,8.0,Sandy-Loam,0
MANDERA,26.614294871794872,1.4324358974358975,0.46762820512820513,Rice,1200.0,2000.0,5.0,6.5,Clayey,0
MANDERA,26.614294871794872,1.4324358974358975,0.46762820512820513,Cassava,500.0,1000.0,5.5,7.5,Sandy-Loam,0
MANDERA,26.614294871794872,1.4324358974358975,0.46762820512820513,Sweet Potato,750.0,1250.0,5.5,6.5,Loamy,0
MANDERA,26.614294871794872,1.4324358974358975,0.46762820512820513,Groundnuts,500.0,1000.0,5.3,6.5,Sandy,1
MANDERA,26.614294871794872,1.4324358974358975,0.46762820512820513,Green grams,350.0,600.0,6.0,7.5,Sandy-Loam,0
MANDERA,26.614294871794872,1.4324358974358975,0.46762820512820513,Wheat,500.0,900.0,6.0,7.0,Loam-Clay,0
MANDERA,26.614294871794872,1.4324358974358975,0.46762820512820513,Sugarcane,1500.0,2500.0,5.0,6.5,Loam-Clay,0
MANDERA,26.614294871794872,1.4324358974358975,0.46762820512820513,Tea,1200.0,1400.0,4.5,5.5,Well-drained Loamy,0
MANDERA,26.614294871794872,1.4324358974358975,0.46762820512820513,Coffee,1000.0,2000.0,5.0,6.0,Volcanic Loam,0
MANDERA,26.614294871794872,1.4324358974358975,0.46762820512820513,Banana,1000.0,2500.0,5.5,7.0,Loam,0
MANDERA,26.614294871794872,1.4324358974358975,0.46762820512820513,Tomato,600.0,800.0,6.0,6.8,Loamy,1
MANDERA,26.614294871794872,1.4324358974358975,0.46762820512820513,Onion,500.0,700.0,6.0,6.8,Sandy-Loam,0
MANDERA,26.614294871794872,1.4324358974358975,0.46762820512820513,Cabbage,600.0,1200.0,6.0,6.5,Loam,0
MANDERA,26.614294871794872,1.4324358974358975,0.46762820512820513,Spinach,700.0,1000.0,6.0,7.0,Loam,0
MARSABIT,27.826115384615385,1.181826923076923,0.3788653846153846,Maize,600.0,1200.0,5.5,7.0,Loamy,0
MARSABIT,27.826115384615385,1.181826923076923,0.3788653846153846,Beans,500.0,1000.0,6.0,6.8,Sandy-Loam,1
MARSABIT,27.826115384615385,1.181826923076923,0.3788653846153846,Millet,300.0,800.0,5.0,6.5,Sandy,0
MARSABIT,27.826115384615385,1.181826923076923,0.3788653846153846,Sorghum,400.0,800.0,5.5,8.0,Sandy-Loam,0
MARSABIT,27.826115384615385,1.181826923076923,0.3788653846153846,Rice,1200.0,2000.0,5.0,6.5,Clayey,0
MARSABIT,27.826115384615385,1.181826923076923,0.3788653846153846,Cassava,500.0,1000.0,5.5,7.5,Sandy-Loam,0
MARSABIT,27.826115384615385,1.181826923076923,0.3788653846153846,Sweet Potato,750.0,1250.0,5.5,6.5,Loamy,0
MARSABIT,27.826115384615385,1.181826923076923,0.3788653846153846,Groundnuts,500.0,1000.0,5.3,6.5,Sandy,0
MARSABIT,27.826115384615385,1.181826923076923,0.3788653846153846,Green grams,350.0,600.0,6.0,7.5,Sandy-Loam,0
MARSABIT,27.826115384615385,1.181826923076923,0.3788653846153846,Wheat,500.0,900.0,6.0,7.0,Loam-Clay,0
MARSABIT,27.826115384615385,1.181826923076923,0.3788653846153846,Sugarcane,1500.0,2500.0,5.0,6.5,Loam-Clay,1
MARSABIT,27.826115384615385,1.181826923076923,0.3788653846153846,Tea,1200.0,1400.0,4.5,5.5,Well-drained Loamy,0
MARSABIT,27.826115384615385,1.181826923076923,0.3788653846153846,Coffee,1000.0,2000.0,5.0,6.0,Volcanic Loam,0
MARSABIT,27.826115384615385,1.181826923076923,0.3788653846153846,Banana,1000.0,2500.0,5.5,7.0,Loam,0
MARSABIT,27.826115384615385,1.181826923076923,0.3788653846153846,Tomato,600.0,800.0,6.0,6.8,Loamy,0
MARSABIT,27.826115384615385,1.181826923076923,0.3788653846153846,Onion,500.0,700.0,6.0,6.8,Sandy-Loam,0
MARSABIT,27.826115384615385,1.181826923076923,0.3788653846153846,Cabbage,600.0,1200.0,6.0,6.5,Loam,0
MARSABIT,27.826115384615385,1.181826923076923,0.3788653846153846,Spinach,700.0,1000.0,6.0,7.0,Loam,0
MERU,17.604230769230767,3.149230769230769,0.5126923076923077,Maize,600.0,1200.0,5.5,7.0,Loamy,0
MERU,17.604230769230767,3.149230769230769,0.5126923076923077,Beans,500.0,1000.0,6.0,6.8,Sandy-Loam,0
MERU,17.604230769230767,3.149230769230769,0.5126923076923077,Millet,300.0,800.0,5.0,6.5,Sandy,0
MERU,17.604230769230767,3.149230769230769,0.5126923076923077,Sorghum,400.0,800.0,5.5,8.0,Sandy-Loam,0
MERU,17.604230769230767,3.149230769230769,0.5126923076923077,Rice,1200.0,2000.0,5.0,6.5,Clayey,0
MERU,17.604230769230767,3.149230769230769,0.5126923076923077,Cassava,500.0,1000.0,5.5,7.5,Sandy-Loam,0
MERU,17.604230769230767,3.149230769230769,0.5126923076923077,Sweet Potato,750.0,1250.0,5.5,6.5,Loamy,0
MERU,17.604230769230767,3.149230769230769,0.5126923076923077,Groundnuts,500.0,1000.0,5.3,6.5,Sandy,0
MERU,17.604230769230767,3.149230769230769,0.5126923076923077,Green grams,350.0,600.0,6.0,7.5,Sandy-Loam,0
MERU,17.604230769230767,3.149230769230769,0.5126923076923077,Wheat,500.0,900.0,6.0,7.0,Loam-Clay,0
MERU,17.604230769230767,3.149230769230769,0.5126923076923077,Sugarcane,1500.0,2500.0,5.0,6.5,Loam-Clay,0
MERU,17.604230769230767,3.149230769230769,0.5126923076923077,Tea,1200.0,1400.0,4.5,5.5,Well-drained Loamy,0
MERU,17.604230769230767,3.149230769230769,0.5126923076923077,Coffee,1000.0,2000.0,5.0,6.0,Volcanic Loam,0
MERU,17.604230769230767,3.149230769230769,0.5126923076923077,Banana,1000.0,2500.0,5.5,7.0,Loam,0
MERU,17.604230769230767,3.149230769230769,0.5126923076923077,Tomato,600.0,800.0,6.0,6.8,Loamy,0
MERU,17.604230769230767,3.149230769230769,0.5126923076923077,Onion,500.0,700.0,6.0,6.8,Sandy-Loam,0
MERU,17.604230769230767,3.149230769230769,0.5126923076923077,Cabbage,600.0,1200.0,6.0,6.5,Loam,0
MERU,17.604230769230767,3.149230769230769,0.5126923076923077,Spinach,700.0,1000.0,6.0,7.0,Loam,0
MIGORI,22.276153846153843,4.011153846153846,0.595,Maize,600.0,1200.0,5.5,7.0,Loamy,0
MIGORI,22.276153846153843,4.011153846153846,0.595,Beans,500.0,1000.0,6.0,6.8,Sandy-Loam,0
MIGORI,22.276153846153843,4.011153846153846,0.595,Millet,300.0,800.0,5.0,6.5,Sandy,0
MIGORI,22.276153846153843,4.011153846153846,0.595,Sorghum,400.0,800.0,5.5,8.0,Sandy-Loam,0
MIGORI,22.276153846153843,4.011153846153846,0.595,Rice,1200.0,2000.0,5.0,6.5,Clayey,0
MIGORI,22.276153846153843,4.011153846153846,0.595,Cassava,500.0,1000.0,5.5,7.5,Sandy-Loam,0
MIGORI,22.276153846153843,4.011153846153846,0.595,Sweet Potato,750.0,1250.0,5.5,6.5,Loamy,0
MIGORI,22.276153846153843,4.011153846153846,0.595,Groundnuts,500.0,1000.0,5.3,6.5,Sandy,0
MIGORI,22.276153846153843,4.011153846153846,0.595,Green grams,350.0,600.0,6.0,7.5,Sandy-Loam,0
MIGORI,22.276153846153843,4.011153846153846,0.595,Wheat,500.0,900.0,6.0,7.0,Loam-Clay,0
MIGORI,22.276153846153843,4.011153846153846,0.595,Sugarcane,1500.0,2500.0,5.0,6.5,Loam-Clay,0
MIGORI,22.276153846153843,4.011153846153846,0.595,Tea,1200.0,1400.0,4.5,5.5,Well-drained Loamy,0
MIGORI,22.276153846153843,4.011153846153846,0.595,Coffee,1000.0,2000.0,5.0,6.0,Volcanic Loam,0
MIGORI,22.276153846153843,4.011153846153846,0.595,Banana,1000.0,2500.0,5.5,7.0,Loam,0
MIGORI,22.276153846153843,4.011153846153846,0.595,Tomato,600.0,800.0,6.0,6.8,Loamy,0
MIGORI,22.276153846153843,4.011153846153846,0.595,Onion,500.0,700.0,6.0,6.8,Sandy-Loam,0
MIGORI,22.276153846153843,4.011153846153846,0.595,Cabbage,600.0,1200.0,6.0,6.5,Loam,0
MIGORI,22.276153846153843,4.011153846153846,0.595,Spinach,700.0,1000.0,6.0,7.0,Loam,1
NAKURU,16.336025641025643,3.5902564102564107,0.5392307692307693,Maize,600.0,1200.0,5.5,7.0,Loamy,0
NAKURU,16.336025641025643,3.5902564102564107,0.5392307692307693,Beans,500.0,1000.0,6.0,6.8,Sandy-Loam,0
NAKURU,16.336025641025643,3.5902564102564107,0.5392307692307693,Millet,300.0,800.0,5.0,6.5,Sandy,0
NAKURU,16.336025641025643,3.5902564102564107,0.5392307692307693,Sorghum,400.0,800.0,5.5,8.0,Sandy-Loam,0
NAKURU,16.336025641025643,3.5902564102564107,0.5392307692307693,Rice,1200.0,2000.0,5.0,6.5,Clayey,0
NAKURU,16.336025641025643,3.5902564102564107,0.5392307692307693,Cassava,500.0,1000.0,5.5,7.5,Sandy-Loam,1
NAKURU,16.336025641025643,3.5902564102564107,0.5392307692307693,Sweet Potato,750.0,1250.0,5.5,6.5,Loamy,0
NAKURU,16.336025641025643,3.5902564102564107,0.5392307692307693,Groundnuts,500.0,1000.0,5.3,6.5,Sandy,0
NAKURU,16.336025641025643,3.5902564102564107,0.5392307692307693,Green grams,350.0,600.0,6.0,7.5,Sandy-Loam,0
NAKURU,16.336025641025643,3.5902564102564107,0.5392307692307693,Wheat,500.0,900.0,6.0,7.0,Loam-Clay,0
NAKURU,16.336025641025643,3.5902564102564107,0.5392307692307693,Sugarcane,1500.0,2500.0,5.0,6.5,Loam-Clay,0
NAKURU,16.336025641025643,3.5902564102564107,0.5392307692307693,Tea,1200.0,1400.0,4.5,5.5,Well-drained Loamy,0
NAKURU,16.336025641025643,3.5902564102564107,0.5392307692307693,Coffee,1000.0,2000.0,5.0,6.0,Volcanic Loam,0
NAKURU,16.336025641025643,3.5902564102564107,0.5392307692307693,Banana,1000.0,2500.0,5.5,7.0,Loam,0
NAKURU,16.336025641025643,3.5902564102564107,0.5392307692307693,Tomato,600.0,800.0,6.0,6.8,Loamy,0
NAKURU,16.336025641025643,3.5902564102564107,0.5392307692307693,Onion,500.0,700.0,6.0,6.8,Sandy-Loam,0
NAKURU,16.336025641025643,3.5902564102564107,0.5392307692307693,Cabbage,600.0,1200.0,6.0,6.5,Loam,0
NAKURU,16.336025641025643,3.5902564102564107,0.5392307692307693,Spinach,700.0,1000.0,6.0,7.0,Loam,0
NANDI,19.775576923076922,5.553076923076923,0.7013461538461538,Maize,600.0,1200.0,5.5,7.0,Loamy,0
NANDI,19.775576923076922,5.553076923076923,0.7013461538461538,Beans,500.0,1000.0,6.0,6.8,Sandy-Loam,0
NANDI,19.775576923076922,5.553076923076923,0.7013461538461538,Millet,300.0,800.0,5.0,6.5,Sandy,0
NANDI,19.775576923076922,5.553076923076923,0.7013461538461538,Sorghum,400.0,800.0,5.5,8.0,Sandy-Loam,0
NANDI,19.775576923076922,5.553076923076923,0.7013461538461538,Rice,1200.0,2000.0,5.0,6.5,Clayey,0
NANDI,19.775576923076922,5.553076923076923,0.7013461538461538,Cassava,500.0,1000.0,5.5,7.5,Sandy-Loam,0
NANDI,19.775576923076922,5.553076923076923,0.7013461538461538,Sweet Potato,750.0,1250.0,5.5,6.5,Loamy,0
NANDI,19.775576923076922,5.553076923076923,0.7013461538461538,Groundnuts,500.0,1000.0,5.3,6.5,Sandy,0
NANDI,19.775576923076922,5.553076923076923,0.7013461538461538,Green grams,350.0,600.0,6.0,7.5,Sandy-Loam,0
NANDI,19.775576923076922,5.553076923076923,0.7013461538461538,Wheat,500.0,900.0,6.0,7.0,Loam-Clay,0
NANDI,19.775576923076922,5.553076923076923,0.7013461538461538,Sugarcane,1500.0,2500.0,5.0,6.5,Loam-Clay,0
NANDI,19.775576923076922,5.553076923076923,0.7013461538461538,Tea,1200.0,1400.0,4.5,5.5,Well-drained Loamy,0
NANDI,19.775576923076922,5.553076923076923,0.7013461538461538,Coffee,1000.0,2000.0,5.0,6.0,Volcanic Loam,0
NANDI,19.775576923076922,5.553076923076923,0.7013461538461538,Banana,1000.0,2500.0,5.5,7.0,Loam,0
NANDI,19.775576923076922,5.553076923076923,0.7013461538461538,Tomato,600.0,800.0,6.0,6.8,Loamy,0
NANDI,19.775576923076922,5.553076923076923,0.7013461538461538,Onion,500.0,700.0,6.0,6.8,Sandy-Loam,0
NANDI,19.775576923076922,5.553076923076923,0.7013461538461538,Cabbage,600.0,1200.0,6.0,6.5,Loam,0
NANDI,19.775576923076922,5.553076923076923,0.7013461538461538,Spinach,700.0,1000.0,6.0,7.0,Loam,0
NAROK,18.576692307692305,3.196307692307692,0.5818461538461539,Maize,600.0,1200.0,5.5,7.0,Loamy,0
NAROK,18.576692307692305,3.196307692307692,0.5818461538461539,Beans,500.0,1000.0,6.0,6.8,Sandy-Loam,0
NAROK,18.576692307692305,3.196307692307692,0.5818461538461539,Millet,300.0,800.0,5.0,6.5,Sandy,0
NAROK,18.576692307692305,3.196307692307692,0.5818461538461539,Sorghum,400.0,800.0,5.5,8.0,Sandy-Loam,0
NAROK,18.576692307692305,3.196307692307692,0.5818461538461539,Rice,1200.0,2000.0,5.0,6.5,Clayey,0
NAROK,18.576692307692305,3.196307692307692,0.5818461538461539,Cassava,500.0,1000.0,5.5,7.5,Sandy-Loam,0
NAROK,18.576692307692305,3.196307692307692,0.5818461538461539,Sweet Potato,750.0,1250.0,5.5,6.5,Loamy,0
NAROK,18.576692307692305,3.196307692307692,0.5818461538461539,Groundnuts,500.0,1000.0,5.3,6.5,Sandy,0
NAROK,18.576692307692305,3.196307692307692,0.5818461538461539,Green grams,350.0,600.0,6.0,7.5,Sandy-Loam,0
NAROK,18.576692307692305,3.196307692307692,0.5818461538461539,Wheat,500.0,900.0,6.0,7.0,Loam-Clay,0
NAROK,18.576692307692305,3.196307692307692,0.5818461538461539,Sugarcane,1500.0,2500.0,5.0,6.5,Loam-Clay,0
NAROK,18.576692307692305,3.196307692307692,0.5818461538461539,Tea,1200.0,1400.0,4.5,5.5,Well-drained Loamy,0
NAROK,18.576692307692305,3.196307692307692,0.5818461538461539,Coffee,1000.0,2000.0,5.0,6.0,Volcanic Loam,0
NAROK,18.576692307692305,3.196307692307692,0.5818461538461539,Banana,1000.0,2500.0,5.5,7.0,Loam,0
NAROK,18.576692307692305,3.196307692307692,0.5818461538461539,Tomato,600.0,800.0,6.0,6.8,Loamy,0
NAROK,18.576692307692305,3.196307692307692,0.5818461538461539,Onion,500.0,700.0,6.0,6.8,Sandy-Loam,0
NAROK,18.576692307692305,3.196307692307692,0.5818461538461539,Cabbage,600.0,1200.0,6.0,6.5,Loam,0
NAROK,18.576692307692305,3.196307692307692,0.5818461538461539,Spinach,700.0,1000.0,6.0,7.0,Loam,0
NITHI,25.713461538461537,1.5584615384615386,0.4411538461538462,Maize,600.0,1200.0,5.5,7.0,Loamy,1
NITHI,25.713461538461537,1.5584615384615386,0.4411538461538462,Beans,500.0,1000.0,6.0,6.8,Sandy-Loam,0
NITHI,25.713461538461537,1.5584615384615386,0.4411538461538462,Millet,300.0,800.0,5.0,6.5,Sandy,0
NITHI,25.713461538461537,1.5584615384615386,0.4411538461538462,Sorghum,400.0,800.0,5.5,8.0,Sandy-Loam,0
NITHI,25.713461538461537,1.5584615384615386,0.4411538461538462,Rice,1200.0,2000.0,5.0,6.5,Clayey,0
NITHI,25.713461538461537,1.5584615384615386,0.4411538461538462,Cassava,500.0,1000.0,5.5,7.5,Sandy-Loam,0
NITHI,25.713461538461537,1.5584615384615386,0.4411538461538462,Sweet Potato,750.0,1250.0,5.5,6.5,Loamy,0
NITHI,25.713461538461537,1.5584615384615386,0.4411538461538462,Groundnuts,500.0,1000.0,5.3,6.5,Sandy,0
NITHI,25.713461538461537,1.5584615384615386,0.4411538461538462,Green grams,350.0,600.0,6.0,7.5,Sandy-Loam,1
NITHI,25.713461538461537,1.5584615384615386,0.4411538461538462,Wheat,500.0,900.0,6.0,7.0,Loam-Clay,0
NITHI,25.713461538461537,1.5584615384615386,0.4411538461538462,Sugarcane,1500.0,2500.0,5.0,6.5,Loam-Clay,0
NITHI,25.713461538461537,1.5584615384615386,0.4411538461538462,Tea,1200.0,1400.0,4.5,5.5,Well-drained Loamy,0
NITHI,25.713461538461537,1.5584615384615386,0.4411538461538462,Coffee,1000.0,2000.0,5.0,6.0,Volcanic Loam,0
NITHI,25.713461538461537,1.5584615384615386,0.4411538461538462,Banana,1000.0,2500.0,5.5,7.0,Loam,1
NITHI,25.713461538461537,1.5584615384615386,0.4411538461538462,Tomato,600.0,800.0,6.0,6.8,Loamy,0
NITHI,25.713461538461537,1.5584615384615386,0.4411538461538462,Onion,500.0,700.0,6.0,6.8,Sandy-Loam,0
NITHI,25.713461538461537,1.5584615384615386,0.4411538461538462,Cabbage,600.0,1200.0,6.0,6.5,Loam,0
NITHI,25.713461538461537,1.5584615384615386,0.4411538461538462,Spinach,700.0,1000.0,6.0,7.0,Loam,0
NYAMIRA,20.307307692307692,5.121153846153846,0.6838461538461539,Maize,600.0,1200.0,5.5,7.0,Loamy,0
NYAMIRA,20.307307692307692,5.121153846153846,0.6838461538461539,Beans,500.0,1000.0,6.0,6.8,Sandy-Loam,0
NYAMIRA,20.307307692307692,5.121153846153846,0.6838461538461539,Millet,300.0,800.0,5.0,6.5,Sandy,0
NYAMIRA,20.307307692307692,5.121153846153846,0.6838461538461539,Sorghum,400.0,800.0,5.5,8.0,Sandy-Loam,0
NYAMIRA,20.307307692307692,5.121153846153846,0.6838461538461539,Rice,1200.0,2000.0,5.0,6.5,Clayey,0
NYAMIRA,20.307307692307692,5.121153846153846,0.6838461538461539,Cassava,500.0,1000.0,5.5,7.5,Sandy-Loam,0
NYAMIRA,20.307307692307692,5.121153846153846,0.6838461538461539,Sweet Potato,750.0,1250.0,5.5,6.5,Loamy,0
NYAMIRA,20.307307692307692,5.121153846153846,0.6838461538461539,Groundnuts,500.0,1000.0,5.3,6.5,Sandy,0
NYAMIRA,20.307307692307692,5.121153846153846,0.6838461538461539,Green grams,350.0,600.0,6.0,7.5,Sandy-Loam,0
NYAMIRA,20.307307692307692,5.121153846153846,0.6838461538461539,Wheat,500.0,900.0,6.0,7.0,Loam-Clay,0
NYAMIRA,20.307307692307692,5.121153846153846,0.6838461538461539,Sugarcane,1500.0,2500.0,5.0,6.5,Loam-Clay,0
NYAMIRA,20.307307692307692,5.121153846153846,0.6838461538461539,Tea,1200.0,1400.0,4.5,5.5,Well-drained Loamy,0
NYAMIRA,20.307307692307692,5.121153846153846,0.6838461538461539,Coffee,1000.0,2000.0,5.0,6.0,Volcanic Loam,0
NYAMIRA,20.307307692307692,5.121153846153846,0.6838461538461539,Banana,1000.0,2500.0,5.5,7.0,Loam,0
NYAMIRA,20.307307692307692,5.121153846153846,0.6838461538461539,Tomato,600.0,800.0,6.0,6.8,Loamy,0
NYAMIRA,20.307307692307692,5.121153846153846,0.6838461538461539,Onion,500.0,700.0,6.0,6.8,Sandy-Loam,0
NYAMIRA,20.307307692307692,5.121153846153846,0.6838461538461539,Cabbage,600.0,1200.0,6.0,6.5,Loam,0
NYAMIRA,20.307307692307692,5.121153846153846,0.6838461538461539,Spinach,700.0,1000.0,6.0,7.0,Loam,0
NYERI,16.39346153846154,3.4211538461538464,0.47538461538461535,Maize,600.0,1200.0,5.5,7.0,Loamy,0
NYERI,16.39346153846154,3.4211538461538464,0.47538461538461535,Beans,500.0,1000.0,6.0,6.8,Sandy-Loam,0
NYERI,16.39346153846154,3.4211538461538464,0.47538461538461535,Millet,300.0,800.0,5.0,6.5,Sandy,0
NYERI,16.39346153846154,3.4211538461538464,0.47538461538461535,Sorghum,400.0,800.0,5.5,8.0,Sandy-Loam,0
NYERI,16.39346153846154,3.4211538461538464,0.47538461538461535,Rice,1200.0,2000.0,5.0,6.5,Clayey,1
NYERI,16.39346153846154,3.4211538461538464,0.47538461538461535,Cassava,500.0,1000.0,5.5,7.5,Sandy-Loam,0
NYERI,16.39346153846154,3.4211538461538464,0.47538461538461535,Sweet Potato,750.0,1250.0,5.5,6.5,Loamy,0
NYERI,16.39346153846154,3.4211538461538464,0.47538461538461535,Groundnuts,500.0,1000.0,5.3,6.5,Sandy,0
NYERI,16.39346153846154,3.4211538461538464,0.47538461538461535,Green grams,350.0,600.0,6.0,7.5,Sandy-Loam,0
NYERI,16.39346153846154,3.4211538461538464,0.47538461538461535,Wheat,500.0,900.0,6.0,7.0,Loam-Clay,0
NYERI,16.39346153846154,3.4211538461538464,0.47538461538461535,Sugarcane,1500.0,2500.0,5.0,6.5,Loam-Clay,0
NYERI,16.39346153846154,3.4211538461538464,0.47538461538461535,Tea,1200.0,1400.0,4.5,5.5,Well-drained Loamy,0
NYERI,16.39346153846154,3.4211538461538464,0.47538461538461535,Coffee,1000.0,2000.0,5.0,6.0,Volcanic Loam,0
NYERI,16.39346153846154,3.4211538461538464,0.47538461538461535,Banana,1000.0,2500.0,5.5,7.0,Loam,0
NYERI,16.39346153846154,3.4211538461538464,0.47538461538461535,Tomato,600.0,800.0,6.0,6.8,Loamy,0
NYERI,16.39346153846154,3.4211538461538464,0.47538461538461535,Onion,500.0,700.0,6.0,6.8,Sandy-Loam,0
NYERI,16.39346153846154,3.4211538461538464,0.47538461538461535,Cabbage,600.0,1200.0,6.0,6.5,Loam,0
NYERI,16.39346153846154,3.4211538461538464,0.47538461538461535,Spinach,700.0,1000.0,6.0,7.0,Loam,0
SAMBURU,23.644615384615385,1.3422307692307693,0.37776923076923075,Maize,600.0,1200.0,5.5,7.0,Loamy,0
SAMBURU,23.644615384615385,1.3422307692307693,0.37776923076923075,Beans,500.0,1000.0,6.0,6.8,Sandy-Loam,1
SAMBURU,23.644615384615385,1.3422307692307693,0.37776923076923075,Millet,300.0,800.0,5.0,6.5,Sandy,0
SAMBURU,23.644615384615385,1.3422307692307693,0.37776923076923075,Sorghum,400.0,800.0,5.5,8.0,Sandy-Loam,0
SAMBURU,23.644615384615385,1.3422307692307693,0.37776923076923075,Rice,1200.0,2000.0,5.0,6.5,Clayey,1
SAMBURU,23.644615384615385,1.3422307692307693,0.37776923076923075,Cassava,500.0,1000.0,5.5,7.5,Sandy-Loam,0
SAMBURU,23.644615384615385,1.3422307692307693,0.37776923076923075,Sweet Potato,750.0,1250.0,5.5,6.5,Loamy,1
SAMBURU,23.644615384615385,1.3422307692307693,0.37776923076923075,Groundnuts,500.0,1000.0,5.3,6.5,Sandy,1
SAMBURU,23.644615384615385,1.3422307692307693,0.37776923076923075,Green grams,350.0,600.0,6.0,7.5,Sandy-Loam,0
SAMBURU,23.644615384615385,1.3422307692307693,0.37776923076923075,Wheat,500.0,900.0,6.0,7.0,Loam-Clay,0
SAMBURU,23.644615384615385,1.3422307692307693,0.37776923076923075,Sugarcane,1500.0,2500.0,5.0,6.5,Loam-Clay,0
SAMBURU,23.644615384615385,1.3422307692307693,0.37776923076923075,Tea,1200.0,1400.0,4.5,5.5,Well-drained Loamy,0
SAMBURU,23.644615384615385,1.3422307692307693,0.37776923076923075,Coffee,1000.0,2000.0,5.0,6.0,Volcanic Loam,0
SAMBURU,23.644615384615385,1.3422307692307693,0.37776923076923075,Banana,1000.0,2500.0,5.5,7.0,Loam,0
SAMBURU,23.644615384615385,1.3422307692307693,0.37776923076923075,Tomato,600.0,800.0,6.0,6.8,Loamy,0
SAMBURU,23.644615384615385,1.3422307692307693,0.37776923076923075,Onion,500.0,700.0,6.0,6.8,Sandy-Loam,0
SAMBURU,23.644615384615385,1.3422307692307693,0.37776923076923075,Cabbage,600.0,1200.0,6.0,6.5,Loam,0
SAMBURU,23.644615384615385,1.3422307692307693,0.37776923076923075,Spinach,700.0,1000.0,6.0,7.0,Loam,0
SIAYA,23.128076923076925,5.2373076923076916,0.5984615384615385,Maize,600.0,1200.0,5.5,7.0,Loamy,0
SIAYA,23.128076923076925,5.2373076923076916,0.5984615384615385,Beans,500.0,1000.0,6.0,6.8,Sandy-Loam,0
SIAYA,23.128076923076925,5.2373076923076916,0.5984615384615385,Millet,300.0,800.0,5.0,6.5,Sandy,0
SIAYA,23.128076923076925,5.2373076923076916,0.5984615384615385,Sorghum,400.0,800.0,5.5,8.0,Sandy-Loam,0
SIAYA,23.128076923076925,5.2373076923076916,0.5984615384615385,Rice,1200.0,2000.0,5.0,6.5,Clayey,0
SIAYA,23.128076923076925,5.2373076923076916,0.5984615384615385,Cassava,500.0,1000.0,5.5,7.5,Sandy-Loam,0
SIAYA,23.128076923076925,5.2373076923076916,0.5984615384615385,Sweet Potato,750.0,1250.0,5.5,6.5,Loamy,0
SIAYA,23.128076923076925,5.2373076923076916,0.5984615384615385,Groundnuts,500.0,1000.0,5.3,6.5,Sandy,0
SIAYA,23.128076923076925,5.2373076923076916,0.5984615384615385,Green grams,350.0,600.0,6.0,7.5,Sandy-Loam,0
SIAYA,23.128076923076925,5.2373076923076916,0.5984615384615385,Wheat,500.0,900.0,6.0,7.0,Loam-Clay,0
SIAYA,23.128076923076925,5.2373076923076916,0.5984615384615385,Sugarcane,1500.0,2500.0,5.0,6.5,Loam-Clay,0
SIAYA,23.128076923076925,5.2373076923076916,0.5984615384615385,Tea,1200.0,1400.0,4.5,5.5,Well-drained Loamy,0
SIAYA,23.128076923076925,5.2373076923076916,0.5984615384615385,Coffee,1000.0,2000.0,5.0,6.0,Volcanic Loam,0
SIAYA,23.128076923076925,5.2373076923076916,0.5984615384615385,Banana,1000.0,2500.0,5.5,7.0,Loam,0
SIAYA,23.128076923076925,5.2373076923076916,0.5984615384615385,Tomato,600.0,800.0,6.0,6.8,Loamy,0
SIAYA,23.128076923076925,5.2373076923076916,0.5984615384615385,Onion,500.0,700.0,6.0,6.8,Sandy-Loam,0
SIAYA,23.128076923076925,5.2373076923076916,0.5984615384615385,Cabbage,600.0,1200.0,6.0,6.5,Loam,0
SIAYA,23.128076923076925,5.2373076923076916,0.5984615384615385,Spinach,700.0,1000.0,6.0,7.0,Loam,0
TAITA TAVETA,23.64701923076923,2.2054807692307694,0.5266346153846154,Maize,600.0,1200.0,5.5,7.0,Loamy,0
TAITA TAVETA,23.64701923076923,2.2054807692307694,0.5266346153846154,Beans,500.0,1000.0,6.0,6.8,Sandy-Loam,0
TAITA TAVETA,23.64701923076923,2.2054807692307694,0.5266346153846154,Millet,300.0,800.0,5.0,6.5,Sandy,0
TAITA TAVETA,23.64701923076923,2.2054807692307694,0.5266346153846154,Sorghum,400.0,800.0,5.5,8.0,Sandy-Loam,0
TAITA TAVETA,23.64701923076923,2.2054807692307694,0.5266346153846154,Rice,1200.0,2000.0,5.0,6.5,Clayey,1
TAITA TAVETA,23.64701923076923,2.2054807692307694,0.5266346153846154,Cassava,500.0,1000.0,5.5,7.5,Sandy-Loam,0
TAITA TAVETA,23.64701923076923,2.2054807692307694,0.5266346153846154,Sweet Potato,750.0,1250.0,5.5,6.5,Loamy,0
TAITA TAVETA,23.64701923076923,2.2054807692307694,0.5266346153846154,Groundnuts,500.0,1000.0,5.3,6.5,Sandy,1
TAITA TAVETA,23.64701923076923,2.2054807692307694,0.5266346153846154,Green grams,350.0,600.0,6.0,7.5,Sandy-Loam,0
TAITA TAVETA,23.64701923076923,2.2054807692307694,0.5266346153846154,Wheat,500.0,900.0,6.0,7.0,Loam-Clay,1
TAITA TAVETA,23.64701923076923,2.2054807692307694,0.5266346153846154,Sugarcane,1500.0,2500.0,5.0,6.5,Loam-Clay,0
TAITA TAVETA,23.64701923076923,2.2054807692307694,0.5266346153846154,Tea,1200.0,1400.0,4.5,5.5,Well-drained Loamy,0
TAITA TAVETA,23.64701923076923,2.2054807692307694,0.5266346153846154,Coffee,1000.0,2000.0,5.0,6.0,Volcanic Loam,0
TAITA TAVETA,23.64701923076923,2.2054807692307694,0.5266346153846154,Banana,1000.0,2500.0,5.5,7.0,Loam,0
TAITA TAVETA,23.64701923076923,2.2054807692307694,0.5266346153846154,Tomato,600.0,800.0,6.0,6.8,Loamy,0
TAITA TAVETA,23.64701923076923,2.2054807692307694,0.5266346153846154,Onion,500.0,700.0,6.0,6.8,Sandy-Loam,0
TAITA TAVETA,23.64701923076923,2.2054807692307694,0.5266346153846154,Cabbage,600.0,1200.0,6.0,6.5,Loam,0
TAITA TAVETA,23.64701923076923,2.2054807692307694,0.5266346153846154,Spinach,700.0,1000.0,6.0,7.0,Loam,0
TANA RIVER,27.40926923076923,1.731076923076923,0.5030384615384615,Maize,600.0,1200.0,5.5,7.0,Loamy,0
TANA RIVER,27.40926923076923,1.731076923076923,0.5030384615384615,Beans,500.0,1000.0,6.0,6.8,Sandy-Loam,0
TANA RIVER,27.40926923076923,1.731076923076923,0.5030384615384615,Millet,300.0,800.0,5.0,6.5,Sandy,0
TANA RIVER,27.40926923076923,1.731076923076923,0.5030384615384615,Sorghum,400.0,800.0,5.5,8.0,Sandy-Loam,0
TANA RIVER,27.40926923076923,1.731076923076923,0.5030384615384615,Rice,1200.0,2000.0,5.0,6.5,Clayey,0
TANA RIVER,27.40926923076923,1.731076923076923,0.5030384615384615,Cassava,500.0,1000.0,5.5,7.5,Sandy-Loam,0
TANA RIVER,27.40926923076923,1.731076923076923,0.5030384615384615,Sweet Potato,750.0,1250.0,5.5,6.5,Loamy,0
TANA RIVER,27.40926923076923,1.731076923076923,0.5030384615384615,Groundnuts,500.0,1000.0,5.3,6.5,Sandy,0
TANA RIVER,27.40926923076923,1.731076923076923,0.5030384615384615,Green grams,350.0,600.0,6.0,7.5,Sandy-Loam,0
TANA RIVER,27.40926923076923,1.731076923076923,0.5030384615384615,Wheat,500.0,900.0,6.0,7.0,Loam-Clay,0
TANA RIVER,27.40926923076923,1.731076923076923,0.5030384615384615,Sugarcane,1500.0,2500.0,5.0,6.5,Loam-Clay,0
TANA RIVER,27.40926923076923,1.731076923076923,0.5030384615384615,Tea,1200.0,1400.0,4.5,5.5,Well-drained Loamy,0
TANA RIVER,27.40926923076923,1.731076923076923,0.5030384615384615,Coffee,1000.0,2000.0,5.0,6.0,Volcanic Loam,0
TANA RIVER,27.40926923076923,1.731076923076923,0.5030384615384615,Banana,1000.0,2500.0,5.5,7.0,Loam,0
TANA RIVER,27.40926923076923,1.731076923076923,0.5030384615384615,Tomato,600.0,800.0,6.0,6.8,Loamy,0
TANA RIVER,27.40926923076923,1.731076923076923,0.5030384615384615,Onion,500.0,700.0,6.0,6.8,Sandy-Loam,0
TANA RIVER,27.40926923076923,1.731076923076923,0.5030384615384615,Cabbage,600.0,1200.0,6.0,6.5,Loam,0
TANA RIVER,27.40926923076923,1.731076923076923,0.5030384615384615,Spinach,700.0,1000.0,6.0,7.0,Loam,0
TRANS-NZOIA,17.111153846153847,5.109230769230769,0.6834615384615385,Maize,600.0,1200.0,5.5,7.0,Loamy,0
TRANS-NZOIA,17.111153846153847,5.109230769230769,0.6834615384615385,Beans,500.0,1000.0,6.0,6.8,Sandy-Loam,0
TRANS-NZOIA,17.111153846153847,5.109230769230769,0.6834615384615385,Millet,300.0,800.0,5.0,6.5,Sandy,0
TRANS-NZOIA,17.111153846153847,5.109230769230769,0.6834615384615385,Sorghum,400.0,800.0,5.5,8.0,Sandy-Loam,0
TRANS-NZOIA,17.111153846153847,5.109230769230769,0.6834615384615385,Rice,1200.0,2000.0,5.0,6.5,Clayey,0
TRANS-NZOIA,17.111153846153847,5.109230769230769,0.6834615384615385,Cassava,500.0,1000.0,5.5,7.5,Sandy-Loam,0
TRANS-NZOIA,17.111153846153847,5.109230769230769,0.6834615384615385,Sweet Potato,750.0,1250.0,5.5,6.5,Loamy,0
TRANS-NZOIA,17.111153846153847,5.109230769230769,0.6834615384615385,Groundnuts,500.0,1000.0,5.3,6.5,Sandy,0
TRANS-NZOIA,17.111153846153847,5.109230769230769,0.6834615384615385,Green grams,350.0,600.0,6.0,7.5,Sandy-Loam,0
TRANS-NZOIA,17.111153846153847,5.109230769230769,0.6834615384615385,Wheat,500.0,900.0,6.0,7.0,Loam-Clay,0
TRANS-NZOIA,17.111153846153847,5.109230769230769,0.6834615384615385,Sugarcane,1500.0,2500.0,5.0,6.5,Loam-Clay,0
TRANS-NZOIA,17.111153846153847,5.109230769230769,0.6834615384615385,Tea,1200.0,1400.0,4.5,5.5,Well-drained Loamy,0
TRANS-NZOIA,17.111153846153847,5.109230769230769,0.6834615384615385,Coffee,1000.0,2000.0,5.0,6.0,Volcanic Loam,0
TRANS-NZOIA,17.111153846153847,5.109230769230769,0.6834615384615385,Banana,1000.0,2500.0,5.5,7.0,Loam,0
TRANS-NZOIA,17.111153846153847,5.109230769230769,0.6834615384615385,Tomato,600.0,800.0,6.0,6.8,Loamy,0
TRANS-NZOIA,17.111153846153847,5.109230769230769,0.6834615384615385,Onion,500.0,700.0,6.0,6.8,Sandy-Loam,0
TRANS-NZOIA,17.111153846153847,5.109230769230769,0.6834615384615385,Cabbage,600.0,1200.0,6.0,6.5,Loam,0
TRANS-NZOIA,17.111153846153847,5.109230769230769,0.6834615384615385,Spinach,700.0,1000.0,6.0,7.0,Loam,1
TURKANA,28.196968325791854,1.433710407239819,0.41314479638009055,Maize,600.0,1200.0,5.5,7.0,Loamy,0
TURKANA,28.196968325791854,1.433710407239819,0.41314479638009055,Beans,500.0,1000.0,6.0,6.8,Sandy-Loam,0
TURKANA,28.196968325791854,1.433710407239819,0.41314479638009055,Millet,300.0,800.0,5.0,6.5,Sandy,0
TURKANA,28.196968325791854,1.433710407239819,0.41314479638009055,Sorghum,400.0,800.0,5.5,8.0,Sandy-Loam,0
TURKANA,28.196968325791854,1.433710407239819,0.41314479638009055,Rice,1200.0,2000.0,5.0,6.5,Clayey,0
TURKANA,28.196968325791854,1.433710407239819,0.41314479638009055,Cassava,500.0,1000.0,5.5,7.5,Sandy-Loam,0
TURKANA,28.196968325791854,1.433710407239819,0.41314479638009055,Sweet Potato,750.0,1250.0,5.5,6.5,Loamy,0
TURKANA,28.196968325791854,1.433710407239819,0.41314479638009055,Groundnuts,500.0,1000.0,5.3,6.5,Sandy,0
TURKANA,28.196968325791854,1.433710407239819,0.41314479638009055,Green grams,350.0,600.0,6.0,7.5,Sandy-Loam,0
TURKANA,28.196968325791854,1.433710407239819,0.41314479638009055,Wheat,500.0,900.0,6.0,7.0,Loam-Clay,0
TURKANA,28.196968325791854,1.433710407239819,0.41314479638009055,Sugarcane,1500.0,2500.0,5.0,6.5,Loam-Clay,0
TURKANA,28.196968325791854,1.433710407239819,0.41314479638009055,Tea,1200.0,1400.0,4.5,5.5,Well-drained Loamy,0
TURKANA,28.196968325791854,1.433710407239819,0.41314479638009055,Coffee,1000.0,2000.0,5.0,6.0,Volcanic Loam,0
TURKANA,28.196968325791854,1.433710407239819,0.41314479638009055,Banana,1000.0,2500.0,5.5,7.0,Loam,0
TURKANA,28.196968325791854,1.433710407239819,0.41314479638009055,Tomato,600.0,800.0,6.0,6.8,Loamy,0
TURKANA,28.196968325791854,1.433710407239819,0.41314479638009055,Onion,500.0,700.0,6.0,6.8,Sandy-Loam,0
TURKANA,28.196968325791854,1.433710407239819,0.41314479638009055,Cabbage,600.0,1200.0,6.0,6.5,Loam,0
TURKANA,28.196968325791854,1.433710407239819,0.41314479638009055,Spinach,700.0,1000.0,6.0,7.0,Loam,0
WAJIR,28.1960989010989,1.5950274725274727,0.41804945054945053,Maize,600.0,1200.0,5.5,7.0,Loamy,0
WAJIR,28.1960989010989,1.5950274725274727,0.41804945054945053,Beans,500.0,1000.0,6.0,6.8,Sandy-Loam,0
WAJIR,28.1960989010989,1.5950274725274727,0.41804945054945053,Millet,300.0,800.0,5.0,6.5,Sandy,0
WAJIR,28.1960989010989,1.5950274725274727,0.41804945054945053,Sorghum,400.0,800.0,5.5,8.0,Sandy-Loam,0
WAJIR,28.1960989010989,1.5950274725274727,0.41804945054945053,Rice,1200.0,2000.0,5.0,6.5,Clayey,0
WAJIR,28.1960989010989,1.5950274725274727,0.41804945054945053,Cassava,500.0,1000.0,5.5,7.5,Sandy-Loam,0
WAJIR,28.1960989010989,1.5950274725274727,0.41804945054945053,Sweet Potato,750.0,1250.0,5.5,6.5,Loamy,0
WAJIR,28.1960989010989,1.5950274725274727,0.41804945054945053,Groundnuts,500.0,1000.0,5.3,6.5,Sandy,0
WAJIR,28.1960989010989,1.5950274725274727,0.41804945054945053,Green grams,350.0,600.0,6.0,7.5,Sandy-Loam,0
WAJIR,28.1960989010989,1.5950274725274727,0.41804945054945053,Wheat,500.0,900.0,6.0,7.0,Loam-Clay,0
WAJIR,28.1960989010989,1.5950274725274727,0.41804945054945053,Sugarcane,1500.0,2500.0,5.0,6.5,Loam-Clay,0
WAJIR,28.1960989010989,1.5950274725274727,0.41804945054945053,Tea,1200.0,1400.0,4.5,5.5,Well-drained Loamy,0
WAJIR,28.1960989010989,1.5950274725274727,0.41804945054945053,Coffee,1000.0,2000.0,5.0,6.0,Volcanic Loam,0
WAJIR,28.1960989010989,1.5950274725274727,0.41804945054945053,Banana,1000.0,2500.0,5.5,7.0,Loam,1
WAJIR,28.1960989010989,1.5950274725274727,0.41804945054945053,Tomato,600.0,800.0,6.0,6.8,Loamy,1
WAJIR,28.1960989010989,1.5950274725274727,0.41804945054945053,Onion,500.0,700.0,6.0,6.8,Sandy-Loam,0
WAJIR,28.1960989010989,1.5950274725274727,0.41804945054945053,Cabbage,600.0,1200.0,6.0,6.5,Loam,0
WAJIR,28.1960989010989,1.5950274725274727,0.41804945054945053,Spinach,700.0,1000.0,6.0,7.0,Loam,0
WEST POKOT,23.094871794871796,2.353974358974359,0.46051282051282055,Maize,600.0,1200.0,5.5,7.0,Loamy,0
WEST POKOT,23.094871794871796,2.353974358974359,0.46051282051282055,Beans,500.0,1000.0,6.0,6.8,Sandy-Loam,0
WEST POKOT,23.094871794871796,2.353974358974359,0.46051282051282055,Millet,300.0,800.0,5.0,6.5,Sandy,1
WEST POKOT,23.094871794871796,2.353974358974359,0.46051282051282055,Sorghum,400.0,800.0,5.5,8.0,Sandy-Loam,0
WEST POKOT,23.094871794871796,2.353974358974359,0.46051282051282055,Rice,1200.0,2000.0,5.0,6.5,Clayey,0
WEST POKOT,23.094871794871796,2.353974358974359,0.46051282051282055,Cassava,500.0,1000.0,5.5,7.5,Sandy-Loam,0
WEST POKOT,23.094871794871796,2.353974358974359,0.46051282051282055,Sweet Potato,750.0,1250.0,5.5,6.5,Loamy,0
WEST POKOT,23.094871794871796,2.353974358974359,0.46051282051282055,Groundnuts,500.0,1000.0,5.3,6.5,Sandy,0
WEST POKOT,23.094871794871796,2.353974358974359,0.46051282051282055,Green grams,350.0,600.0,6.0,7.5,Sandy-Loam,0
WEST POKOT,23.094871794871796,2.353974358974359,0.46051282051282055,Wheat,500.0,900.0,6.0,7.0,Loam-Clay,0
WEST POKOT,23.094871794871796,2.353974358974359,0.46051282051282055,Sugarcane,1500.0,2500.0,5.0,6.5,Loam-Clay,1
WEST POKOT,23.094871794871796,2.353974358974359,0.46051282051282055,Tea,1200.0,1400.0,4.5,5.5,Well-drained Loamy,0
WEST POKOT,23.094871794871796,2.353974358974359,0.46051282051282055,Coffee,1000.0,2000.0,5.0,6.0,Volcanic Loam,0
WEST POKOT,23.094871794871796,2.353974358974359,0.46051282051282055,Banana,1000.0,2500.0,5.5,7.0,Loam,0
WEST POKOT,23.094871794871796,2.353974358974359,0.46051282051282055,Tomato,600.0,800.0,6.0,6.8,Loamy,0
WEST POKOT,23.094871794871796,2.353974358974359,0.46051282051282055,Onion,500.0,700.0,6.0,6.8,Sandy-Loam,0
WEST POKOT,23.094871794871796,2.353974358974359,0.46051282051282055,Cabbage,600.0,1200.0,6.0,6.5,Loam,0
WEST POKOT,23.094871794871796,2.353974358974359,0.46051282051282055,Spinach,700.0,1000.0,6.0,7.0,Loam,1
